,0,1,2,type
0,Tom Cruise,,Ethan Hunt,Leading Cast
0,Jeremy Renner,,William Brandt,Supporting Cast
1,Simon Pegg,,Benji,Supporting Cast
2,Rebecca Ferguson,,Ilsa Faust,Supporting Cast
3,Ving Rhames,,Luther Stickell,Supporting Cast
4,Sean Harris,,Solomon Lane,Supporting Cast
5,Alec Baldwin,,Alan Hunley,Supporting Cast
6,Simon McBurney,,Atlee,Supporting Cast
7,Jingchu Zhang,,Lauren,Supporting Cast
8,Tom Hollander,,Prime Minister,Supporting Cast
9,Jens Hulten,,Janik Vinter,Supporting Cast
10,Sean Cronin,,Masked Syndicate Man,Supporting Cast
11,Alec Utgoff,,A400 Crewman,Supporting Cast
12,William Roberts,,Senator,Supporting Cast
13,Patrick Poletti,,Senator,Supporting Cast
14,Martin Cochrane,,Senator,Supporting Cast
15,David Peart,,Senator,Supporting Cast
16,Barnabas Reti,,Janik's Sentry,Supporting Cast
17,James Weber Brown,,IMF Operator,Supporting Cast
18,Wolfgang Stegemann,,Flautist Assassin,Supporting Cast
19,Adam Ganne,,Opera Lighting Technician,Supporting Cast
20,America Olivo,,Turandot,Supporting Cast
21,James Calvert,,The Mandarin,Supporting Cast
22,Tim Breyvogel,,Opera Police,Supporting Cast
23,Rupert Wickham,,Chancellor,Supporting Cast
24,Peter Stark,,Chancellor's Security Aide,Supporting Cast
25,Saif Al-Warith,,Saif,Supporting Cast
26,Rachel Handshaw,,Drone Technician,Supporting Cast
27,Sagar Radia,,Control Lab Technician,Supporting Cast
28,Osy Ikhile,,CIA Jet Agent,Supporting Cast
29,Femi Ogunbanjo*,,Prime Minister's Bodyguard,Supporting Cast
0,Christopher McQuarrie,,Director,Production and Technical Credits
1,Christopher McQuarrie,,Screenwriter,Production and Technical Credits
2,Christopher McQuarrie,,Story Creator,Production and Technical Credits
3,Drew Pearce,,Story Creator,Production and Technical Credits
4,Bruce Geller,,Based on the Television Series Created by,Production and Technical Credits
5,Tom Cruise,,Producer,Production and Technical Credits
6,J.J. Abrams,,Producer,Production and Technical Credits
7,Bryan Burk,,Producer,Production and Technical Credits
8,David Ellison,,Producer,Production and Technical Credits
9,Dana Goldberg,,Producer,Production and Technical Credits
10,Don Granger,,Producer,Production and Technical Credits
11,Jake Myers,,Executive Producer,Production and Technical Credits
12,Robert Elswit,,Director of Photography,Production and Technical Credits
13,Jim Bissell,,Production Designer,Production and Technical Credits
14,Eddie Hamilton,,Editor,Production and Technical Credits
15,Joanna Johnston,,Costume Designer,Production and Technical Credits
16,Joe Kraemer,,Composer,Production and Technical Credits
17,Thomas Hayslip,,Associate Producer,Production and Technical Credits
18,Helen Medrano,,Associate Producer,Production and Technical Credits
19,Maricel Pagulayan,,Associate Producer,Production and Technical Credits
20,Thomas Hayslip,,Unit Production Manager,Production and Technical Credits
21,Chris Brock,,Unit Production Manager,Production and Technical Credits
22,Mark Somner,,Unit Production Manager,Production and Technical Credits
23,James Smith,,Unit Production Manager,Production and Technical Credits
24,Mark Bakshi,,Line Producer,Production and Technical Credits
25,Daniel M. Stillman,,Line Producer,Production and Technical Credits
26,Zakaria Alaoui,,Line Producer,Production and Technical Credits
27,Skye Stolnitz,,Production Supervisor,Production and Technical Credits
28,Tommy Gormley,,First Assistant Director,Production and Technical Credits
29,Toby Hefferman,,Assistant Director,Production and Technical Credits
30,Tom White,,Assistant Director,Production and Technical Credits
31,Yann Mari Faget,,Assistant Director,Production and Technical Credits
32,Susanne Nowotny,,Assistant Director,Production and Technical Credits
33,Andrew Madden,,Assistant Director,Production and Technical Credits
34,Tarik Ait Ben Ali,,Assistant Director,Production and Technical Credits
35,Tom Browne,,Assistant Director,Production and Technical Credits
36,Mark Cockren,,Assistant Director,Production and Technical Credits
37,Dominic Fysh,,Assistant Director,Production and Technical Credits
38,Ryan Newberry,,Assistant Director,Production and Technical Credits
39,Emily Perowine,,Second Assistant Director,Production and Technical Credits
40,Tom Mulberge,,Second Assistant Director,Production and Technical Credits
41,Scott Bunce,,Second Assistant Director,Production and Technical Credits
42,Lisa Vick,,Script Supervisor,Production and Technical Credits
43,Laura Miles,,Script Supervisor,Production and Technical Credits
44,Susan Novick,,Post-Production Supervisor,Production and Technical Credits
45,Ali Bakkioui El Otmani,,Production Manager,Production and Technical Credits
46,Nick Fulton,,Production Manager,Production and Technical Credits
47,Gerhard Rupp,,Production Manager,Production and Technical Credits
48,Jonathan P.B. Taylor,,Director of Photography,Production and Technical Credits
49,Martin Corbett,,Assistant Editor,Production and Technical Credits
50,Tom Harrison-Read,,Assistant Editor,Production and Technical Credits
51,Robert Sealey,,Assistant Editor,Production and Technical Credits
52,John Finklea,,Music Editor,Production and Technical Credits
53,Simon Changer,,Music Editor,Production and Technical Credits
54,Paul Inglis,,Art Director,Production and Technical Credits
55,Andrew Bennett,,Art Director,Production and Technical Credits
56,Amanda Dazely,,Art Director,Production and Technical Credits
57,Ben Munro,,Art Director,Production and Technical Credits
58,Stephen Carter,,Art Director,Production and Technical Credits
59,Matt Gray,,Art Director,Production and Technical Credits
60,Helen Xenopoulos,,Art Director,Production and Technical Credits
61,Florian Reichmann,,Art Director,Production and Technical Credits
62,John Bush,,Set Decorator,Production and Technical Credits
63,Aine Smith,,Set Decorator,Production and Technical Credits
64,Edward Turner,,Set Decorator,Production and Technical Credits
65,Katie Ralph,,Set Decorator,Production and Technical Credits
66,Mindy Marin,,Casting Director,Production and Technical Credits
67,Lucinda Syson,,Additional Casting,Production and Technical Credits
68,Charlotte Finlay,,Costume Supervisor,Production and Technical Credits
69,Sarah Monzani,,Make-up and Hair Designer,Production and Technical Credits
70,James Mather,,Supervising Sound Editor,Production and Technical Credits
71,Michael Prestwood Smith,,Re-recording Mixer,Production and Technical Credits
72,Gilbert Lake,,Re-recording Mixer,Production and Technical Credits
73,Samir Foco,,Sound Effects Editor,Production and Technical Credits
74,Jed Loughran,,Sound Effects Editor,Production and Technical Credits
75,Alistair Hawkins,,Sound Effects Editor,Production and Technical Credits
76,Tom Sayers,,Sound Effects Editor,Production and Technical Credits
77,Ben Meechan,,Sound Effects Editor,Production and Technical Credits
78,Simon Chase,,Dialogue Editor,Production and Technical Credits
79,Robert Killick,,Dialogue Editor,Production and Technical Credits
80,Noureddine Zaoui,,Sound Mixer,Production and Technical Credits
81,Chris Munro,,Sound Mixer,Production and Technical Credits
82,Karim Ronda,,Sound Mixer,Production and Technical Credits
83,Dominic Tuohy,,Special Effects Coordinator,Production and Technical Credits
84,Maricel Pagulayan,,Visual Effects Producer,Production and Technical Credits
85,Kate Phillips,,Visual Effects Producer,Production and Technical Credits
86,Wade Eastwood,,Stunt Coordinator,Production and Technical Credits
